USE [MasterPol]
GO
INSERT [dbo].[Partners] ([PartnerID], [PartnerType], [CompanyName], [LegalAddress], [INN], [DirectorFullName], [ContactPhone], [ContactEmail], [Logo], [Rating], [RubExchangeRate]) VALUES (1, N'Дистрибьютор', N'ООО Ромашка', N'Москва, ул. Ленина, 1', N'123456789012', N'Иванов Иван Иванович', N'+79161234567', N'ivanov@romashka.ru', N'https://sun9-78.userapi.com/impg/uf2p78TBSdRy-zNCuMqLEG4dmY_iXuclr55Iow/QuqtQJR5euc.jpg?size=1590x400&quality=95&sign=1152ecd9128065c499247855047d7251&type=album', 4, CAST(1.0000 AS Decimal(10, 4)))
GO
INSERT [dbo].[Partners] ([PartnerID], [PartnerType], [CompanyName], [LegalAddress], [INN], [DirectorFullName], [ContactPhone], [ContactEmail], [Logo], [Rating], [RubExchangeRate]) VALUES (2, N'Розница', N'ИП Петров', N'Санкт-Петербург, Невский пр., 2', N'234567890123', N'Петров Петр Петрович', N'+79212345678', N'petrov@mail.ru', N'https://sun1-94.userapi.com/impg/7Qu15qmJ43CzLWYWErB-xgnxpcRtCTziTnhV4A/ceq78HMJfdE.jpg?size=394x417&quality=95&sign=2accf87f11aaf7699dd65ed679beabcf&type=album', 3, CAST(1.0000 AS Decimal(10, 4)))
GO
INSERT [dbo].[Partners] ([PartnerID], [PartnerType], [CompanyName], [LegalAddress], [INN], [DirectorFullName], [ContactPhone], [ContactEmail], [Logo], [Rating], [RubExchangeRate]) VALUES (3, N'Опт', N'ЗАО Солнышко', N'Екатеринбург, ул. Малышева, 3', N'345678901234', N'Сидоров Сидор Сидорович', N'+79053456789', N'sidorov@solnyshko.com', N'https://sun9-9.userapi.com/impg/9uTIxbPmf4kz2PFFZj8fvJCMaq3b8oCeCphIuQ/WE-NNlAY0Yk.jpg?size=945x238&quality=95&sign=6ab1aedb1eae20e8846351945c498290&type=album', 5, CAST(1.0000 AS Decimal(10, 4)))
GO
INSERT [dbo].[Partners] ([PartnerID], [PartnerType], [CompanyName], [LegalAddress], [INN], [DirectorFullName], [ContactPhone], [ContactEmail], [Logo], [Rating], [RubExchangeRate]) VALUES (4, N'Интернет-магазин', N'ООО Онлайн-Торг', N'Казань, ул. Баумана, 4', N'456789012345', N'Смирнов Алексей Юрьевич', N'+79874567890', N'smirnov@online.ru', N'https://sun9-62.userapi.com/impg/lTeocZcC_F90t1QOAKokNuUvKnrgJbqghTqE8g/ZXgfGE8GF3M.jpg?size=1080x1080&quality=95&sign=b24b3327f7ed329038e5d20d83af9d82&type=album', 2, CAST(1.0000 AS Decimal(10, 4)))
GO
INSERT [dbo].[Partners] ([PartnerID], [PartnerType], [CompanyName], [LegalAddress], [INN], [DirectorFullName], [ContactPhone], [ContactEmail], [Logo], [Rating], [RubExchangeRate]) VALUES (5, N'Дистрибьютор', N'ООО Лютик', N'Новосибирск, Красный проспект, 5', N'567890123456', N'Кузнецов Сергей Александрович', N'+79135678901', N'kuznetsov@lutik.ru', N'https://sun9-30.userapi.com/impg/nNXFOGhgnNHIq_dXveH4-dUFtpSrJTCNkgiz8w/5N_QVzPDk_8.jpg?size=944x531&quality=95&sign=c27ce9532d0342370d2ecb64eb972670&type=album', 4, CAST(1.0000 AS Decimal(10, 4)))
GO
INSERT [dbo].[Partners] ([PartnerID], [PartnerType], [CompanyName], [LegalAddress], [INN], [DirectorFullName], [ContactPhone], [ContactEmail], [Logo], [Rating], [RubExchangeRate]) VALUES (6, N'Розница', N'ИП Васильев', N'Ростов-на-Дону, ул. Большая Садовая, 6', N'678901234567', N'Васильев Василий Васильевич', N'+79286789012', N'vasiliev@yandex.ru', N'https://sun9-34.userapi.com/impg/ABdv2eHC7qjmDwXs9pFA9lK35EGGWUXp091sJA/60WpXv-GaqA.jpg?size=300x300&quality=95&sign=d273ae60a8fe5c5123c2e449671221d2&type=album', 3, CAST(1.0000 AS Decimal(10, 4)))
GO
INSERT [dbo].[Partners] ([PartnerID], [PartnerType], [CompanyName], [LegalAddress], [INN], [DirectorFullName], [ContactPhone], [ContactEmail], [Logo], [Rating], [RubExchangeRate]) VALUES (7, N'Опт', N'ЗАО Рассвет', N'Самара, ул. Ленинградская, 7', N'789012345678', N'Федоров Федор Федорович', N'+79067890123', N'fedorov@rassvet.ru', N'https://sun9-67.userapi.com/impg/Mnly-E_oLAPWH3KBHfkAL61sc31loADUGKDBzA/URgpG1pkReY.jpg?size=860x645&quality=95&sign=19e6a5200043c2da19eb76f1ad182ebc&type=album', 5, CAST(1.0000 AS Decimal(10, 4)))
GO
INSERT [dbo].[Partners] ([PartnerID], [PartnerType], [CompanyName], [LegalAddress], [INN], [DirectorFullName], [ContactPhone], [ContactEmail], [Logo], [Rating], [RubExchangeRate]) VALUES (8, N'Интернет-магазин', N'ООО СуперМаркет', N'Омск, ул. Ленина, 8', N'890123456789', N'Михайлов Дмитрий Иванович', N'+79888901234', N'mikhailov@supermarket.ru', N'https://sun9-47.userapi.com/impg/IggDALcG0oIo3Mhu9Q0oXc34CFz92ddxynH7RA/-lJ5qhsIcZQ.jpg?size=2311x835&quality=95&sign=ce3aa9b2b2b27f9c9fd0a7dd4fb0508f&type=album', 2, CAST(1.0000 AS Decimal(10, 4)))
GO
INSERT [dbo].[Partners] ([PartnerID], [PartnerType], [CompanyName], [LegalAddress], [INN], [DirectorFullName], [ContactPhone], [ContactEmail], [Logo], [Rating], [RubExchangeRate]) VALUES (9, N'Дистрибьютор', N'ООО Незабудка', N'Пермь, ул. Комсомольский проспект, 9', N'901234567890', N'Николаев Николай Николаевич', N'+79179012345', N'nikolaev@nezabudka.ru', N'https://sun9-31.userapi.com/impg/jboWqrTnfAMOnsYjbcScYj_p3gip2F9IsXhRBA/gIHPiaRvDwk.jpg?size=488x206&quality=95&sign=2161cdb3805f709745592c55b992bdf2&type=album', 4, CAST(1.0000 AS Decimal(10, 4)))
GO
INSERT [dbo].[Partners] ([PartnerID], [PartnerType], [CompanyName], [LegalAddress], [INN], [DirectorFullName], [ContactPhone], [ContactEmail], [Logo], [Rating], [RubExchangeRate]) VALUES (10, N'Розница', N'ИП Андреев', N'Воронеж, ул. Плехановская, 10', N'012345678901', N'Андреев Андрей Андреевич', N'+79290123456', N'andreev@mail.ru', N'https://sun9-32.userapi.com/impg/w9U6l00WT3oDWK-L74cOLr8N4WP_5wCjPl8Z7A/a_XsSXNkXYY.jpg?size=642x642&quality=95&sign=f0f6054da9871889de82d98384c34e01&type=album', 3, CAST(1.0000 AS Decimal(10, 4)))
GO
INSERT [dbo].[Managers] ([ManagerID], [FullName]) VALUES (1, N'Иванов Петр Сергеевич')
GO
INSERT [dbo].[Managers] ([ManagerID], [FullName]) VALUES (2, N'Петрова Анна Владимировна')
GO
INSERT [dbo].[Managers] ([ManagerID], [FullName]) VALUES (3, N'Сидоров Дмитрий Александрович')
GO
INSERT [dbo].[Managers] ([ManagerID], [FullName]) VALUES (4, N'Кузнецова Елена Михайловна')
GO
INSERT [dbo].[Managers] ([ManagerID], [FullName]) VALUES (5, N'Смирнов Игорь Андреевич')
GO
INSERT [dbo].[Managers] ([ManagerID], [FullName]) VALUES (6, N'Васильева Ольга Николаевна')
GO
INSERT [dbo].[Managers] ([ManagerID], [FullName]) VALUES (7, N'Федоров Андрей Юрьевич')
GO
INSERT [dbo].[Managers] ([ManagerID], [FullName]) VALUES (8, N'Михайлова Татьяна Викторовна')
GO
INSERT [dbo].[Managers] ([ManagerID], [FullName]) VALUES (9, N'Николаев Сергей Петрович')
GO
INSERT [dbo].[Managers] ([ManagerID], [FullName]) VALUES (10, N'Андреева Екатерина Дмитриевна')
GO
INSERT [dbo].[Orders] ([OrderID], [PartnerID], [ManagerID], [OrderDate], [OrderStatus], [PrepaymentAmount], [PrepaymentDate], [TotalAmount], [DeliveryRequired], [DeliveryAddress]) VALUES (1, 1, 1, CAST(N'2023-11-15' AS Date), N'Выполнен', CAST(10000.00 AS Decimal(15, 2)), CAST(N'2023-11-11T12:00:00.000' AS DateTime), CAST(50000.00 AS Decimal(15, 2)), 1, N'Москва, ул. Строителей, 12')
GO
INSERT [dbo].[Orders] ([OrderID], [PartnerID], [ManagerID], [OrderDate], [OrderStatus], [PrepaymentAmount], [PrepaymentDate], [TotalAmount], [DeliveryRequired], [DeliveryAddress]) VALUES (2, 2, 2, CAST(N'2023-11-16' AS Date), N'В обработке', CAST(5000.00 AS Decimal(15, 2)), CAST(N'2023-11-12T14:00:00.000' AS DateTime), CAST(25000.00 AS Decimal(15, 2)), 0, NULL)
GO
INSERT [dbo].[Orders] ([OrderID], [PartnerID], [ManagerID], [OrderDate], [OrderStatus], [PrepaymentAmount], [PrepaymentDate], [TotalAmount], [DeliveryRequired], [DeliveryAddress]) VALUES (3, 3, 3, CAST(N'2023-11-17' AS Date), N'Отправлен', CAST(7500.00 AS Decimal(15, 2)), CAST(N'2023-11-15T10:00:00.000' AS DateTime), CAST(37500.00 AS Decimal(15, 2)), 1, N'Екатеринбург, ул. 8 марта, 22')
GO
INSERT [dbo].[Orders] ([OrderID], [PartnerID], [ManagerID], [OrderDate], [OrderStatus], [PrepaymentAmount], [PrepaymentDate], [TotalAmount], [DeliveryRequired], [DeliveryAddress]) VALUES (4, 4, 4, CAST(N'2023-11-18' AS Date), N'Выполнен', CAST(12000.00 AS Decimal(15, 2)), CAST(N'2023-11-18T16:00:00.000' AS DateTime), CAST(60000.00 AS Decimal(15, 2)), 0, NULL)
GO
INSERT [dbo].[Orders] ([OrderID], [PartnerID], [ManagerID], [OrderDate], [OrderStatus], [PrepaymentAmount], [PrepaymentDate], [TotalAmount], [DeliveryRequired], [DeliveryAddress]) VALUES (5, 5, 5, CAST(N'2023-11-19' AS Date), N'В обработке', CAST(6000.00 AS Decimal(15, 2)), CAST(N'2023-11-17T09:00:00.000' AS DateTime), CAST(30000.00 AS Decimal(15, 2)), 1, N'Новосибирск, ул. Кирова, 33')
GO
INSERT [dbo].[Orders] ([OrderID], [PartnerID], [ManagerID], [OrderDate], [OrderStatus], [PrepaymentAmount], [PrepaymentDate], [TotalAmount], [DeliveryRequired], [DeliveryAddress]) VALUES (6, 6, 6, CAST(N'2023-11-20' AS Date), N'Отправлен', CAST(9000.00 AS Decimal(15, 2)), CAST(N'2023-11-16T11:00:00.000' AS DateTime), CAST(45000.00 AS Decimal(15, 2)), 0, NULL)
GO
INSERT [dbo].[Orders] ([OrderID], [PartnerID], [ManagerID], [OrderDate], [OrderStatus], [PrepaymentAmount], [PrepaymentDate], [TotalAmount], [DeliveryRequired], [DeliveryAddress]) VALUES (7, 7, 7, CAST(N'2023-11-21' AS Date), N'Выполнен', CAST(11000.00 AS Decimal(15, 2)), CAST(N'2023-11-15T13:00:00.000' AS DateTime), CAST(55000.00 AS Decimal(15, 2)), 1, N'Самара, ул. Молодогвардейская, 44')
GO
INSERT [dbo].[Orders] ([OrderID], [PartnerID], [ManagerID], [OrderDate], [OrderStatus], [PrepaymentAmount], [PrepaymentDate], [TotalAmount], [DeliveryRequired], [DeliveryAddress]) VALUES (8, 8, 8, CAST(N'2023-11-22' AS Date), N'В обработке', CAST(5500.00 AS Decimal(15, 2)), CAST(N'2023-11-12T15:00:00.000' AS DateTime), CAST(27500.00 AS Decimal(15, 2)), 0, NULL)
GO
INSERT [dbo].[Orders] ([OrderID], [PartnerID], [ManagerID], [OrderDate], [OrderStatus], [PrepaymentAmount], [PrepaymentDate], [TotalAmount], [DeliveryRequired], [DeliveryAddress]) VALUES (9, 9, 9, CAST(N'2023-11-23' AS Date), N'Отправлен', CAST(8000.00 AS Decimal(15, 2)), CAST(N'2023-11-14T17:00:00.000' AS DateTime), CAST(40000.00 AS Decimal(15, 2)), 1, N'Пермь, ул. Ленина, 55')
GO
INSERT [dbo].[Orders] ([OrderID], [PartnerID], [ManagerID], [OrderDate], [OrderStatus], [PrepaymentAmount], [PrepaymentDate], [TotalAmount], [DeliveryRequired], [DeliveryAddress]) VALUES (10, 10, 10, CAST(N'2023-11-24' AS Date), N'Выполнен', CAST(13000.00 AS Decimal(15, 2)), CAST(N'2023-11-15T18:00:00.000' AS DateTime), CAST(65000.00 AS Decimal(15, 2)), 0, NULL)
GO
INSERT [dbo].[PartnerSalesLocations] ([SalesLocationID], [PartnerID], [LocationDescription]) VALUES (1, 1, N'Москва, ТЦ "Европейский"')
GO
INSERT [dbo].[PartnerSalesLocations] ([SalesLocationID], [PartnerID], [LocationDescription]) VALUES (2, 2, N'Санкт-Петербург, Невский пр., 10')
GO
INSERT [dbo].[PartnerSalesLocations] ([SalesLocationID], [PartnerID], [LocationDescription]) VALUES (3, 3, N'Екатеринбург, ТЦ "Гринвич"')
GO
INSERT [dbo].[PartnerSalesLocations] ([SalesLocationID], [PartnerID], [LocationDescription]) VALUES (4, 4, N'Интернет-магазин www.example.com')
GO
INSERT [dbo].[PartnerSalesLocations] ([SalesLocationID], [PartnerID], [LocationDescription]) VALUES (5, 5, N'Новосибирск, ТЦ "Мега"')
GO
INSERT [dbo].[PartnerSalesLocations] ([SalesLocationID], [PartnerID], [LocationDescription]) VALUES (6, 6, N'Ростов-на-Дону, Центральный рынок')
GO
INSERT [dbo].[PartnerSalesLocations] ([SalesLocationID], [PartnerID], [LocationDescription]) VALUES (7, 7, N'Самара, ТЦ "Аврора"')
GO
INSERT [dbo].[PartnerSalesLocations] ([SalesLocationID], [PartnerID], [LocationDescription]) VALUES (8, 8, N'Интернет-магазин www.supermarket.ru')
GO
INSERT [dbo].[PartnerSalesLocations] ([SalesLocationID], [PartnerID], [LocationDescription]) VALUES (9, 9, N'Пермь, ТЦ "Колизей"')
GO
INSERT [dbo].[PartnerSalesLocations] ([SalesLocationID], [PartnerID], [LocationDescription]) VALUES (10, 10, N'Воронеж, Галерея Чижова')
GO
INSERT [dbo].[Products] ([ProductID], [Article], [ProductType], [ProductName], [Description], [Image], [MinPriceForPartner], [PackageLength], [PackageWidth], [PackageHeight], [WeightWithoutPackage], [WeightWithPackage], [QualityCertificate], [StandardNumber], [ProductionTime], [ProductionCost], [WorkshopNumber], [ProductionWorkers]) VALUES (1, N'SM123', N'Электроника', N'Смартфон Альфа', N'Современный смартфон с множеством функций.', N'https://sun9-22.userapi.com/impg/IsFWrVtM-Go-8eKO-tz-Pt9wXpg2fo9vYj20Zg/x9cvMs4dM68.jpg?size=1266x758&quality=95&sign=78a6f5b3c8d31e896a1f2b77aa729828&type=album', CAST(500.00 AS Decimal(15, 2)), CAST(20.00 AS Decimal(10, 2)), CAST(10.00 AS Decimal(10, 2)), CAST(5.00 AS Decimal(10, 2)), CAST(0.20 AS Decimal(10, 2)), CAST(0.30 AS Decimal(10, 2)), N'Сертификат №1', N'ГОСТ 1234', CAST(N'00:30:00' AS Time), CAST(200.00 AS Decimal(15, 2)), 1, 5)
GO
INSERT [dbo].[Products] ([ProductID], [Article], [ProductType], [ProductName], [Description], [Image], [MinPriceForPartner], [PackageLength], [PackageWidth], [PackageHeight], [WeightWithoutPackage], [WeightWithPackage], [QualityCertificate], [StandardNumber], [ProductionTime], [ProductionCost], [WorkshopNumber], [ProductionWorkers]) VALUES (2, N'TS456', N'Одежда', N'Футболка Базовая', N'Удобная футболка из хлопка.', N'https://sun9-25.userapi.com/impg/LY1W2N01yvOGC0nQ7H2pDxXTXPNioLZDFwNS4w/lhHBRNfY5x8.jpg?size=800x800&quality=95&sign=2d3ac5987d5f9cccd16c99fcc4426fe7&type=album', CAST(10.00 AS Decimal(15, 2)), CAST(30.00 AS Decimal(10, 2)), CAST(20.00 AS Decimal(10, 2)), CAST(2.00 AS Decimal(10, 2)), CAST(0.10 AS Decimal(10, 2)), CAST(0.15 AS Decimal(10, 2)), N'Сертификат №2', N'ГОСТ 5678', CAST(N'00:15:00' AS Time), CAST(5.00 AS Decimal(15, 2)), 2, 3)
GO
INSERT [dbo].[Products] ([ProductID], [Article], [ProductType], [ProductName], [Description], [Image], [MinPriceForPartner], [PackageLength], [PackageWidth], [PackageHeight], [WeightWithoutPackage], [WeightWithPackage], [QualityCertificate], [StandardNumber], [ProductionTime], [ProductionCost], [WorkshopNumber], [ProductionWorkers]) VALUES (3, N'CR789', N'Мебель', N'Кресло Эргономичное', N'Эргономичное офисное кресло.', N'https://sun9-6.userapi.com/impg/ksj63N0TsD3oH5l82CdxsVhOpzbjnISVKDhWew/NGsvtbRSoAQ.jpg?size=1000x1000&quality=95&sign=31a5d0673adeaf2a5deea8f543f88263&type=album', CAST(150.00 AS Decimal(15, 2)), CAST(80.00 AS Decimal(10, 2)), CAST(60.00 AS Decimal(10, 2)), CAST(40.00 AS Decimal(10, 2)), CAST(10.00 AS Decimal(10, 2)), CAST(12.00 AS Decimal(10, 2)), N'Сертификат №3', N'ГОСТ 9012', CAST(N'01:00:00' AS Time), CAST(75.00 AS Decimal(15, 2)), 3, 10)
GO
INSERT [dbo].[Products] ([ProductID], [Article], [ProductType], [ProductName], [Description], [Image], [MinPriceForPartner], [PackageLength], [PackageWidth], [PackageHeight], [WeightWithoutPackage], [WeightWithPackage], [QualityCertificate], [StandardNumber], [ProductionTime], [ProductionCost], [WorkshopNumber], [ProductionWorkers]) VALUES (4, N'PL012', N'Товары для дома', N'Тарелка Керамическая', N'Расписная керамическая тарелка.', N'https://sun9-22.userapi.com/impg/Z4V7pO9J7LrBNtA5O-aLP5zTGhBbO3_86NUP7A/ILUAksFh9lM.jpg?size=1215x666&quality=95&sign=9969e761852fa1ea2452b8f433306be0&type=album', CAST(5.00 AS Decimal(15, 2)), CAST(25.00 AS Decimal(10, 2)), CAST(25.00 AS Decimal(10, 2)), CAST(3.00 AS Decimal(10, 2)), CAST(0.40 AS Decimal(10, 2)), CAST(0.50 AS Decimal(10, 2)), N'Сертификат №4', N'ГОСТ 3456', CAST(N'00:20:00' AS Time), CAST(2.50 AS Decimal(15, 2)), 4, 2)
GO
INSERT [dbo].[Products] ([ProductID], [Article], [ProductType], [ProductName], [Description], [Image], [MinPriceForPartner], [PackageLength], [PackageWidth], [PackageHeight], [WeightWithoutPackage], [WeightWithPackage], [QualityCertificate], [StandardNumber], [ProductionTime], [ProductionCost], [WorkshopNumber], [ProductionWorkers]) VALUES (5, N'TB345', N'Игрушки', N'Мишка Плюшевый', N'Мягкий плюшевый мишка.', N'https://sun9-74.userapi.com/impg/SNqDFq483JdHptFanydNfdcbEqmUdnKqtfRyMA/bMQYASw3Afk.jpg?size=800x800&quality=95&sign=055ee3fb4e69b03d20d1ad77b67bded1&type=album', CAST(15.00 AS Decimal(15, 2)), CAST(35.00 AS Decimal(10, 2)), CAST(25.00 AS Decimal(10, 2)), CAST(15.00 AS Decimal(10, 2)), CAST(0.30 AS Decimal(10, 2)), CAST(0.40 AS Decimal(10, 2)), N'Сертификат №5', N'ГОСТ 7890', CAST(N'00:25:00' AS Time), CAST(7.50 AS Decimal(15, 2)), 5, 4)
GO
INSERT [dbo].[Products] ([ProductID], [Article], [ProductType], [ProductName], [Description], [Image], [MinPriceForPartner], [PackageLength], [PackageWidth], [PackageHeight], [WeightWithoutPackage], [WeightWithPackage], [QualityCertificate], [StandardNumber], [ProductionTime], [ProductionCost], [WorkshopNumber], [ProductionWorkers]) VALUES (6, N'NV678', N'Книги', N'Роман Классический', N'Классический роман известного автора.', N'https://sun1-15.userapi.com/impg/auRUMrmiVQmtcZGROryawI4mJbfSfz-kL61vxQ/-t8jTqeErz4.jpg?size=932x700&quality=95&sign=8c8e1796aee25953ec44caf5fbc04853&type=album', CAST(8.00 AS Decimal(15, 2)), CAST(22.00 AS Decimal(10, 2)), CAST(15.00 AS Decimal(10, 2)), CAST(4.00 AS Decimal(10, 2)), CAST(0.25 AS Decimal(10, 2)), CAST(0.35 AS Decimal(10, 2)), N'Сертификат №6', N'ГОСТ 1122', CAST(N'00:10:00' AS Time), CAST(4.00 AS Decimal(15, 2)), 1, 1)
GO
INSERT [dbo].[Products] ([ProductID], [Article], [ProductType], [ProductName], [Description], [Image], [MinPriceForPartner], [PackageLength], [PackageWidth], [PackageHeight], [WeightWithoutPackage], [WeightWithPackage], [QualityCertificate], [StandardNumber], [ProductionTime], [ProductionCost], [WorkshopNumber], [ProductionWorkers]) VALUES (7, N'CB901', N'Продукты', N'Шоколад Молочный', N'Вкусный молочный шоколад.', N'https://sun9-38.userapi.com/impg/HfoAmwKVa5Ra2rO7dXCiKmjx3JJnPmda2Ppzqg/02rr7x2iaWE.jpg?size=780x634&quality=95&sign=175445976a64a3be4f90f718106c1416&type=album', CAST(2.00 AS Decimal(15, 2)), CAST(15.00 AS Decimal(10, 2)), CAST(8.00 AS Decimal(10, 2)), CAST(2.00 AS Decimal(10, 2)), CAST(0.05 AS Decimal(10, 2)), CAST(0.08 AS Decimal(10, 2)), N'Сертификат №7', N'ГОСТ 4455', CAST(N'00:05:00' AS Time), CAST(1.00 AS Decimal(15, 2)), 2, 1)
GO
INSERT [dbo].[Products] ([ProductID], [Article], [ProductType], [ProductName], [Description], [Image], [MinPriceForPartner], [PackageLength], [PackageWidth], [PackageHeight], [WeightWithoutPackage], [WeightWithPackage], [QualityCertificate], [StandardNumber], [ProductionTime], [ProductionCost], [WorkshopNumber], [ProductionWorkers]) VALUES (8, N'HM234', N'Инструменты', N'Молоток Слесарный', N'Тяжелый молоток для строительных работ.', N'https://sun9-45.userapi.com/impg/7pTw2B6W-bJs78zzuyQ3R1AxQaZOeiO6svuuIg/JYyfUg9IaGY.jpg?size=1200x800&quality=95&sign=770461536c4843c72a4f9384dc13a5a5&type=album', CAST(20.00 AS Decimal(15, 2)), CAST(40.00 AS Decimal(10, 2)), CAST(18.00 AS Decimal(10, 2)), CAST(6.00 AS Decimal(10, 2)), CAST(0.80 AS Decimal(10, 2)), CAST(0.90 AS Decimal(10, 2)), N'Сертификат №8', N'ГОСТ 6677', CAST(N'00:40:00' AS Time), CAST(10.00 AS Decimal(15, 2)), 3, 6)
GO
INSERT [dbo].[Products] ([ProductID], [Article], [ProductType], [ProductName], [Description], [Image], [MinPriceForPartner], [PackageLength], [PackageWidth], [PackageHeight], [WeightWithoutPackage], [WeightWithPackage], [QualityCertificate], [StandardNumber], [ProductionTime], [ProductionCost], [WorkshopNumber], [ProductionWorkers]) VALUES (9, N'BB567', N'Спорттовары', N'Мяч Баскетбольный', N'Баскетбольный мяч стандартного размера.', N'https://sun9-65.userapi.com/impg/3QJ2CcHKrhco7nQ3TveaIquUaM19T9eS0khELA/g_rv7jY4G8E.jpg?size=693x625&quality=95&sign=7d6f2fbcad978a3853a94583b124921c&type=album', CAST(12.00 AS Decimal(15, 2)), CAST(24.00 AS Decimal(10, 2)), CAST(24.00 AS Decimal(10, 2)), CAST(24.00 AS Decimal(10, 2)), CAST(0.60 AS Decimal(10, 2)), CAST(0.70 AS Decimal(10, 2)), N'Сертификат №9', N'ГОСТ 8899', CAST(N'00:12:00' AS Time), CAST(6.00 AS Decimal(15, 2)), 4, 2)
GO
INSERT [dbo].[Products] ([ProductID], [Article], [ProductType], [ProductName], [Description], [Image], [MinPriceForPartner], [PackageLength], [PackageWidth], [PackageHeight], [WeightWithoutPackage], [WeightWithPackage], [QualityCertificate], [StandardNumber], [ProductionTime], [ProductionCost], [WorkshopNumber], [ProductionWorkers]) VALUES (10, N'LR890', N'Косметика', N'Помада Красная', N'Классическая красная помада.', N'https://sun9-32.userapi.com/impg/GKFfqiX_VYQZw8ZlAtELG3h1msXSz5NIDg839Q/BcSX79BKn8w.jpg?size=360x460&quality=95&sign=11675e41e2b29e0a7a8823e0bcbc61fa&type=album', CAST(7.00 AS Decimal(15, 2)), CAST(12.00 AS Decimal(10, 2)), CAST(2.00 AS Decimal(10, 2)), CAST(2.00 AS Decimal(10, 2)), CAST(0.03 AS Decimal(10, 2)), CAST(0.05 AS Decimal(10, 2)), N'Сертификат №10', N'ГОСТ 2233', CAST(N'00:08:00' AS Time), CAST(3.50 AS Decimal(15, 2)), 5, 1)
GO
INSERT [dbo].[SalesHistory] ([SalesHistoryID], [PartnerID], [SaleDate], [ProductID], [Quantity], [SaleAmount]) VALUES (1, 1, CAST(N'2023-11-01' AS Date), 1, 5, CAST(3000.00 AS Decimal(15, 2)))
GO
INSERT [dbo].[SalesHistory] ([SalesHistoryID], [PartnerID], [SaleDate], [ProductID], [Quantity], [SaleAmount]) VALUES (2, 2, CAST(N'2023-11-02' AS Date), 2, 20, CAST(240.00 AS Decimal(15, 2)))
GO
INSERT [dbo].[SalesHistory] ([SalesHistoryID], [PartnerID], [SaleDate], [ProductID], [Quantity], [SaleAmount]) VALUES (3, 3, CAST(N'2023-11-03' AS Date), 3, 2, CAST(340.00 AS Decimal(15, 2)))
GO
INSERT [dbo].[SalesHistory] ([SalesHistoryID], [PartnerID], [SaleDate], [ProductID], [Quantity], [SaleAmount]) VALUES (4, 4, CAST(N'2023-11-04' AS Date), 4, 10, CAST(70.00 AS Decimal(15, 2)))
GO
INSERT [dbo].[SalesHistory] ([SalesHistoryID], [PartnerID], [SaleDate], [ProductID], [Quantity], [SaleAmount]) VALUES (5, 5, CAST(N'2023-11-05' AS Date), 5, 4, CAST(68.00 AS Decimal(15, 2)))
GO
INSERT [dbo].[SalesHistory] ([SalesHistoryID], [PartnerID], [SaleDate], [ProductID], [Quantity], [SaleAmount]) VALUES (6, 6, CAST(N'2023-11-06' AS Date), 6, 15, CAST(135.00 AS Decimal(15, 2)))
GO
INSERT [dbo].[SalesHistory] ([SalesHistoryID], [PartnerID], [SaleDate], [ProductID], [Quantity], [SaleAmount]) VALUES (7, 7, CAST(N'2023-11-07' AS Date), 7, 30, CAST(90.00 AS Decimal(15, 2)))
GO
INSERT [dbo].[SalesHistory] ([SalesHistoryID], [PartnerID], [SaleDate], [ProductID], [Quantity], [SaleAmount]) VALUES (8, 8, CAST(N'2023-11-08' AS Date), 8, 3, CAST(66.00 AS Decimal(15, 2)))
GO
INSERT [dbo].[SalesHistory] ([SalesHistoryID], [PartnerID], [SaleDate], [ProductID], [Quantity], [SaleAmount]) VALUES (9, 9, CAST(N'2023-11-09' AS Date), 9, 8, CAST(112.00 AS Decimal(15, 2)))
GO
INSERT [dbo].[SalesHistory] ([SalesHistoryID], [PartnerID], [SaleDate], [ProductID], [Quantity], [SaleAmount]) VALUES (10, 10, CAST(N'2023-11-10' AS Date), 10, 16, CAST(128.00 AS Decimal(15, 2)))
GO
INSERT [dbo].[PartnerRatingHistory] ([RatingHistoryID], [PartnerID], [ManagerID], [RatingChangeDate], [OldRating], [NewRating], [Reason]) VALUES (1, 1, 1, CAST(N'2023-11-11T10:00:00.000' AS DateTime), CAST(4.00 AS Decimal(3, 2)), CAST(4.50 AS Decimal(3, 2)), N'Увеличение объема продаж')
GO
INSERT [dbo].[PartnerRatingHistory] ([RatingHistoryID], [PartnerID], [ManagerID], [RatingChangeDate], [OldRating], [NewRating], [Reason]) VALUES (2, 2, 2, CAST(N'2023-11-11T11:00:00.000' AS DateTime), CAST(3.00 AS Decimal(3, 2)), CAST(2.50 AS Decimal(3, 2)), N'Задержка оплаты')
GO
INSERT [dbo].[PartnerRatingHistory] ([RatingHistoryID], [PartnerID], [ManagerID], [RatingChangeDate], [OldRating], [NewRating], [Reason]) VALUES (3, 3, 3, CAST(N'2023-11-11T12:00:00.000' AS DateTime), CAST(5.00 AS Decimal(3, 2)), CAST(5.00 AS Decimal(3, 2)), N'Стабильно высокие показатели')
GO
INSERT [dbo].[PartnerRatingHistory] ([RatingHistoryID], [PartnerID], [ManagerID], [RatingChangeDate], [OldRating], [NewRating], [Reason]) VALUES (4, 4, 4, CAST(N'2023-11-11T13:00:00.000' AS DateTime), CAST(2.00 AS Decimal(3, 2)), CAST(2.00 AS Decimal(3, 2)), N'Без изменений')
GO
INSERT [dbo].[PartnerRatingHistory] ([RatingHistoryID], [PartnerID], [ManagerID], [RatingChangeDate], [OldRating], [NewRating], [Reason]) VALUES (5, 5, 5, CAST(N'2023-11-11T14:00:00.000' AS DateTime), CAST(4.00 AS Decimal(3, 2)), CAST(4.20 AS Decimal(3, 2)), N'Улучшение коммуникации')
GO
INSERT [dbo].[PartnerRatingHistory] ([RatingHistoryID], [PartnerID], [ManagerID], [RatingChangeDate], [OldRating], [NewRating], [Reason]) VALUES (6, 6, 6, CAST(N'2023-11-11T15:00:00.000' AS DateTime), CAST(3.00 AS Decimal(3, 2)), CAST(2.80 AS Decimal(3, 2)), N'Жалобы клиентов')
GO
INSERT [dbo].[PartnerRatingHistory] ([RatingHistoryID], [PartnerID], [ManagerID], [RatingChangeDate], [OldRating], [NewRating], [Reason]) VALUES (7, 7, 7, CAST(N'2023-11-11T16:00:00.000' AS DateTime), CAST(5.00 AS Decimal(3, 2)), CAST(5.00 AS Decimal(3, 2)), N'Продолжение отличной работы')
GO
INSERT [dbo].[PartnerRatingHistory] ([RatingHistoryID], [PartnerID], [ManagerID], [RatingChangeDate], [OldRating], [NewRating], [Reason]) VALUES (8, 8, 8, CAST(N'2023-11-11T17:00:00.000' AS DateTime), CAST(2.00 AS Decimal(3, 2)), CAST(2.30 AS Decimal(3, 2)), N'Небольшое увеличение продаж')
GO
INSERT [dbo].[PartnerRatingHistory] ([RatingHistoryID], [PartnerID], [ManagerID], [RatingChangeDate], [OldRating], [NewRating], [Reason]) VALUES (9, 9, 9, CAST(N'2023-11-11T18:00:00.000' AS DateTime), CAST(4.00 AS Decimal(3, 2)), CAST(3.80 AS Decimal(3, 2)), N'Незначительные проблемы с доставкой')
GO
INSERT [dbo].[PartnerRatingHistory] ([RatingHistoryID], [PartnerID], [ManagerID], [RatingChangeDate], [OldRating], [NewRating], [Reason]) VALUES (10, 10, 10, CAST(N'2023-11-11T19:00:00.000' AS DateTime), CAST(3.00 AS Decimal(3, 2)), CAST(3.00 AS Decimal(3, 2)), N'Стабильные показатели')
GO
INSERT [dbo].[OrderItems] ([OrderItemID], [OrderID], [ProductID], [Quantity], [PricePerUnit], [ProductionDate]) VALUES (1, 1, 1, 2, CAST(600.00 AS Decimal(15, 2)), CAST(N'2023-11-12' AS Date))
GO
INSERT [dbo].[OrderItems] ([OrderItemID], [OrderID], [ProductID], [Quantity], [PricePerUnit], [ProductionDate]) VALUES (2, 1, 2, 10, CAST(12.00 AS Decimal(15, 2)), CAST(N'2023-11-13' AS Date))
GO
INSERT [dbo].[OrderItems] ([OrderItemID], [OrderID], [ProductID], [Quantity], [PricePerUnit], [ProductionDate]) VALUES (3, 2, 3, 1, CAST(170.00 AS Decimal(15, 2)), CAST(N'2023-11-14' AS Date))
GO
INSERT [dbo].[OrderItems] ([OrderItemID], [OrderID], [ProductID], [Quantity], [PricePerUnit], [ProductionDate]) VALUES (4, 2, 4, 5, CAST(7.00 AS Decimal(15, 2)), CAST(N'2023-11-15' AS Date))
GO
INSERT [dbo].[OrderItems] ([OrderItemID], [OrderID], [ProductID], [Quantity], [PricePerUnit], [ProductionDate]) VALUES (5, 3, 5, 3, CAST(17.00 AS Decimal(15, 2)), CAST(N'2023-11-16' AS Date))
GO
INSERT [dbo].[OrderItems] ([OrderItemID], [OrderID], [ProductID], [Quantity], [PricePerUnit], [ProductionDate]) VALUES (6, 3, 6, 7, CAST(9.00 AS Decimal(15, 2)), CAST(N'2023-11-17' AS Date))
GO
INSERT [dbo].[OrderItems] ([OrderItemID], [OrderID], [ProductID], [Quantity], [PricePerUnit], [ProductionDate]) VALUES (7, 4, 7, 15, CAST(3.00 AS Decimal(15, 2)), CAST(N'2023-11-18' AS Date))
GO
INSERT [dbo].[OrderItems] ([OrderItemID], [OrderID], [ProductID], [Quantity], [PricePerUnit], [ProductionDate]) VALUES (8, 4, 8, 2, CAST(22.00 AS Decimal(15, 2)), CAST(N'2023-11-19' AS Date))
GO
INSERT [dbo].[OrderItems] ([OrderItemID], [OrderID], [ProductID], [Quantity], [PricePerUnit], [ProductionDate]) VALUES (9, 5, 9, 4, CAST(14.00 AS Decimal(15, 2)), CAST(N'2023-11-20' AS Date))
GO
INSERT [dbo].[OrderItems] ([OrderItemID], [OrderID], [ProductID], [Quantity], [PricePerUnit], [ProductionDate]) VALUES (10, 5, 10, 8, CAST(8.00 AS Decimal(15, 2)), CAST(N'2023-11-21' AS Date))
GO
INSERT [dbo].[Warehouses] ([WarehouseID], [WarehouseName], [WarehouseAddress]) VALUES (1, N'Главный Склад', N'Москва, Складская ул., 1')
GO
INSERT [dbo].[Warehouses] ([WarehouseID], [WarehouseName], [WarehouseAddress]) VALUES (2, N'Второй Склад', N'Санкт-Петербург, Портовая ул., 2')
GO
INSERT [dbo].[Warehouses] ([WarehouseID], [WarehouseName], [WarehouseAddress]) VALUES (3, N'Производственный Склад', N'Екатеринбург, Заводская ул., 3')
GO
INSERT [dbo].[Warehouses] ([WarehouseID], [WarehouseName], [WarehouseAddress]) VALUES (4, N'Склад Готовой Продукции', N'Казань, Торговая ул., 4')
GO
INSERT [dbo].[Warehouses] ([WarehouseID], [WarehouseName], [WarehouseAddress]) VALUES (5, N'Склад Сырья', N'Новосибирск, Сырьевая ул., 5')
GO
INSERT [dbo].[Warehouses] ([WarehouseID], [WarehouseName], [WarehouseAddress]) VALUES (6, N'Склад Компонентов', N'Ростов-на-Дону, Комплектующая ул., 6')
GO
INSERT [dbo].[Warehouses] ([WarehouseID], [WarehouseName], [WarehouseAddress]) VALUES (7, N'Склад Упаковки', N'Самара, Упаковочная ул., 7')
GO
INSERT [dbo].[Warehouses] ([WarehouseID], [WarehouseName], [WarehouseAddress]) VALUES (8, N'Склад Химикатов', N'Омск, Химическая ул., 8')
GO
INSERT [dbo].[Warehouses] ([WarehouseID], [WarehouseName], [WarehouseAddress]) VALUES (9, N'Склад Текстиля', N'Пермь, Текстильная ул., 9')
GO
INSERT [dbo].[Warehouses] ([WarehouseID], [WarehouseName], [WarehouseAddress]) VALUES (10, N'Склад Металлов', N'Воронеж, Металлургическая ул., 10')
GO
INSERT [dbo].[Suppliers] ([SupplierID], [SupplierType], [SupplierName], [INN]) VALUES (1, N'Сырье', N'ООО Поставщик Сырья', N'111111111111')
GO
INSERT [dbo].[Suppliers] ([SupplierID], [SupplierType], [SupplierName], [INN]) VALUES (2, N'Компоненты', N'ЗАО Комплектующие Изделия', N'222222222222')
GO
INSERT [dbo].[Suppliers] ([SupplierID], [SupplierType], [SupplierName], [INN]) VALUES (3, N'Упаковка', N'ИП Упаковка и Тара', N'333333333333')
GO
INSERT [dbo].[Suppliers] ([SupplierID], [SupplierType], [SupplierName], [INN]) VALUES (4, N'Химикаты', N'ООО ХимРеактив', N'444444444444')
GO
INSERT [dbo].[Suppliers] ([SupplierID], [SupplierType], [SupplierName], [INN]) VALUES (5, N'Текстиль', N'ЗАО Текстильная Фабрика', N'555555555555')
GO
INSERT [dbo].[Suppliers] ([SupplierID], [SupplierType], [SupplierName], [INN]) VALUES (6, N'Металлы', N'ООО МеталлТорг', N'666666666666')
GO
INSERT [dbo].[Suppliers] ([SupplierID], [SupplierType], [SupplierName], [INN]) VALUES (7, N'Пластики', N'ИП ПластДеталь', N'777777777777')
GO
INSERT [dbo].[Suppliers] ([SupplierID], [SupplierType], [SupplierName], [INN]) VALUES (8, N'Электроника', N'ООО Электронные Компоненты', N'888888888888')
GO
INSERT [dbo].[Suppliers] ([SupplierID], [SupplierType], [SupplierName], [INN]) VALUES (9, N'Дерево', N'ЗАО ЛесПром', N'999999999999')
GO
INSERT [dbo].[Suppliers] ([SupplierID], [SupplierType], [SupplierName], [INN]) VALUES (10, N'Пищевые Ингредиенты', N'ООО Пищевые Добавки', N'000000000000')
GO
INSERT [dbo].[Materials] ([MaterialID], [MaterialType], [MaterialName], [SupplierID], [QuantityPerPackage], [UnitOfMeasure], [Description], [Image], [Cost], [QuantityInStock], [MinimumQuantity]) VALUES (1, N'Металл', N'Лист Стальной', 1, 10, N'Лист', N'Холоднокатаный стальной лист', N'https://sun9-20.userapi.com/impg/pbHyJQkFQKihsNHPrmbIRxsIkRkSLi6hXp8E4Q/DRAfMQz7k8U.jpg?size=2000x878&quality=95&sign=7798a3ab710f0ec1ffe14296faaf4be2&type=album', CAST(1500.00 AS Decimal(15, 2)), 50, 10)
GO
INSERT [dbo].[Materials] ([MaterialID], [MaterialType], [MaterialName], [SupplierID], [QuantityPerPackage], [UnitOfMeasure], [Description], [Image], [Cost], [QuantityInStock], [MinimumQuantity]) VALUES (2, N'Ткань', N'Ткань Хлопчатобумажная', 5, 50, N'Метр', N'Белая хлопчатобумажная ткань', N'https://sun9-38.userapi.com/impg/hC84ygdxcFpI5yz3uASXrgRajit0BLx_Kjej8Q/clev-1jCjMM.jpg?size=800x800&quality=95&sign=01268839916d4fb35a36617c6f761427&type=album', CAST(500.00 AS Decimal(15, 2)), 100, 20)
GO
INSERT [dbo].[Materials] ([MaterialID], [MaterialType], [MaterialName], [SupplierID], [QuantityPerPackage], [UnitOfMeasure], [Description], [Image], [Cost], [QuantityInStock], [MinimumQuantity]) VALUES (3, N'Дерево', N'Доска Сосновая', 9, 20, N'Штука', N'Сушеная сосновая доска', N'https://sun9-46.userapi.com/impg/f9sPQDI76PuXGx9-p04gEq-p3zLx3Py6_otH5A/EdoJ8GlpDl0.jpg?size=863x576&quality=95&sign=304967d715a95daf21cfbd546dc52a06&type=album', CAST(800.00 AS Decimal(15, 2)), 75, 15)
GO
INSERT [dbo].[Materials] ([MaterialID], [MaterialType], [MaterialName], [SupplierID], [QuantityPerPackage], [UnitOfMeasure], [Description], [Image], [Cost], [QuantityInStock], [MinimumQuantity]) VALUES (4, N'Пластик', N'Пластик АБС', 7, 100, N'Килограмм', N'Белые гранулы АБС пластика', N'https://sun9-8.userapi.com/impg/A71Z4_gfO-ZsK7lc9tA3PafYK0-KQgPzxpI8yQ/anZZmvTnZBg.jpg?size=600x400&quality=95&sign=66a5fc423958a0913ac0271e89a4cbfd&type=album', CAST(1000.00 AS Decimal(15, 2)), 60, 12)
GO
INSERT [dbo].[Materials] ([MaterialID], [MaterialType], [MaterialName], [SupplierID], [QuantityPerPackage], [UnitOfMeasure], [Description], [Image], [Cost], [QuantityInStock], [MinimumQuantity]) VALUES (5, N'Химикат', N'Краска Акриловая', 4, 5, N'Литр', N'Красная акриловая краска', N'https://sun9-59.userapi.com/impg/TCQOWL2rS6WfpLUlP0SgCpgKD-Zuvth15vUJyQ/E0PdYm1-ONM.jpg?size=960x960&quality=95&sign=8c5b5685c706fed63e4be078e729e313&type=album', CAST(300.00 AS Decimal(15, 2)), 40, 8)
GO
INSERT [dbo].[Materials] ([MaterialID], [MaterialType], [MaterialName], [SupplierID], [QuantityPerPackage], [UnitOfMeasure], [Description], [Image], [Cost], [QuantityInStock], [MinimumQuantity]) VALUES (6, N'Электронный Компонент', N'Резистор', 2, 1000, N'Штука', N'Резистор 10 кОм', N'https://sun9-54.userapi.com/impg/_3vxrUWFAz0Z_55KbccFtNeEP-p9v_x401zQsw/dkcV9dTLMcA.jpg?size=2420x1120&quality=95&sign=0d6eb659e2a9a1773badc832ee04640c&type=album', CAST(50.00 AS Decimal(15, 2)), 2000, 500)
GO
INSERT [dbo].[Materials] ([MaterialID], [MaterialType], [MaterialName], [SupplierID], [QuantityPerPackage], [UnitOfMeasure], [Description], [Image], [Cost], [QuantityInStock], [MinimumQuantity]) VALUES (7, N'Упаковка', N'Коробка Картонная', 3, 10, N'Штука', N'Маленькая картонная коробка', N'https://sun9-69.userapi.com/impg/yTHecNrX5IRLcSigugcwJaDW9JdXp1aV1doOrA/Wgewq7nZLkg.jpg?size=938x708&quality=95&sign=f97aec3a2359d637b2fc58402a90e6f2&type=album', CAST(100.00 AS Decimal(15, 2)), 150, 30)
GO
INSERT [dbo].[Materials] ([MaterialID], [MaterialType], [MaterialName], [SupplierID], [QuantityPerPackage], [UnitOfMeasure], [Description], [Image], [Cost], [QuantityInStock], [MinimumQuantity]) VALUES (8, N'Пищевой Ингредиент', N'Какао Порошок', 10, 1, N'Килограмм', N'Высококачественный какао порошок', N'https://sun9-70.userapi.com/impg/tbG4wkWaHOev93x0ZFOGpeueCzWBQliSeurN0Q/xx-M2nNfsek.jpg?size=1200x800&quality=95&sign=8c9cf5b42fa5ec7fcfe3fdfcc80479c6&type=album', CAST(400.00 AS Decimal(15, 2)), 80, 16)
GO
INSERT [dbo].[ProductMaterials] ([ProductMaterialID], [ProductID], [MaterialID], [MaterialQuantity]) VALUES (1, 1, 1, 1)
GO
INSERT [dbo].[ProductMaterials] ([ProductMaterialID], [ProductID], [MaterialID], [MaterialQuantity]) VALUES (2, 2, 2, 2)
GO
INSERT [dbo].[ProductMaterials] ([ProductMaterialID], [ProductID], [MaterialID], [MaterialQuantity]) VALUES (3, 3, 3, 3)
GO
INSERT [dbo].[ProductMaterials] ([ProductMaterialID], [ProductID], [MaterialID], [MaterialQuantity]) VALUES (4, 4, 4, 4)
GO
INSERT [dbo].[Employees] ([EmployeeID], [FullName], [BirthDate], [PassportData], [BankAccount], [FamilyStatus], [HealthInfo]) VALUES (1, N'Иванов Иван Иванович', CAST(N'1990-05-15' AS Date), N'1234 567890, выдан ОВД', N'12345678901234567890', N'Женат', N'Здоров')
GO
INSERT [dbo].[Employees] ([EmployeeID], [FullName], [BirthDate], [PassportData], [BankAccount], [FamilyStatus], [HealthInfo]) VALUES (2, N'Петрова Анна Сергеевна', CAST(N'1992-08-22' AS Date), N'5678 901234, выдан УВД', N'09876543210987654321', N'Не замужем', N'Здоров')
GO
INSERT [dbo].[Employees] ([EmployeeID], [FullName], [BirthDate], [PassportData], [BankAccount], [FamilyStatus], [HealthInfo]) VALUES (3, N'Сидоров Дмитрий Петрович', CAST(N'1988-03-10' AS Date), N'9012 345678, выдан ГУВД', N'56789012345678901234', N'Женат', N'Небольшая аллергия')
GO
INSERT [dbo].[Employees] ([EmployeeID], [FullName], [BirthDate], [PassportData], [BankAccount], [FamilyStatus], [HealthInfo]) VALUES (4, N'Кузнецова Елена Алексеевна', CAST(N'1995-11-03' AS Date), N'3456 789012, выдан ОУФМС', N'23456789012345678901', N'Не замужем', N'Здоров')
GO
INSERT [dbo].[Employees] ([EmployeeID], [FullName], [BirthDate], [PassportData], [BankAccount], [FamilyStatus], [HealthInfo]) VALUES (5, N'Смирнов Игорь Юрьевич', CAST(N'1991-01-28' AS Date), N'7890 123456, выдан УФМС', N'89012345678901234567', N'Разведен', N'Небольшая боль в спине')
GO
INSERT [dbo].[Employees] ([EmployeeID], [FullName], [BirthDate], [PassportData], [BankAccount], [FamilyStatus], [HealthInfo]) VALUES (6, N'Васильева Ольга Владимировна', CAST(N'1993-06-05' AS Date), N'1234 098765, выдан ОВД', N'34567890123456789012', N'Замужем', N'Здоров')
GO
INSERT [dbo].[Employees] ([EmployeeID], [FullName], [BirthDate], [PassportData], [BankAccount], [FamilyStatus], [HealthInfo]) VALUES (7, N'Федоров Андрей Николаевич', CAST(N'1989-09-17' AS Date), N'5678 432109, выдан УВД', N'90123456789012345678', N'Не женат', N'Здоров')
GO
INSERT [dbo].[Employees] ([EmployeeID], [FullName], [BirthDate], [PassportData], [BankAccount], [FamilyStatus], [HealthInfo]) VALUES (8, N'Михайлова Татьяна Игоревна', CAST(N'1994-02-12' AS Date), N'9012 876543, выдан ГУВД', N'45678901234567890123', N'Замужем', N'Небольшая астма')
GO
INSERT [dbo].[Employees] ([EmployeeID], [FullName], [BirthDate], [PassportData], [BankAccount], [FamilyStatus], [HealthInfo]) VALUES (9, N'Николаев Сергей Дмитриевич', CAST(N'1987-07-01' AS Date), N'3456 210987, выдан ОУФМС', N'01234567890123456789', N'Не женат', N'Здоров')
GO
INSERT [dbo].[Employees] ([EmployeeID], [FullName], [BirthDate], [PassportData], [BankAccount], [FamilyStatus], [HealthInfo]) VALUES (10, N'Андреева Екатерина Петровна', CAST(N'1996-04-20' AS Date), N'7890 654321, выдан УФМС', N'67890123456789012345', N'Разведена', N'Здоров')
GO
INSERT [dbo].[EmployeeSkills] ([EmployeeSkillID], [EmployeeID], [EquipmentName], [SkillLevel]) VALUES (1, 1, N'Токарный станок', N'Продвинутый')
GO
INSERT [dbo].[EmployeeSkills] ([EmployeeSkillID], [EmployeeID], [EquipmentName], [SkillLevel]) VALUES (2, 2, N'Фрезерный станок', N'Средний')
GO
INSERT [dbo].[EmployeeSkills] ([EmployeeSkillID], [EmployeeID], [EquipmentName], [SkillLevel]) VALUES (3, 2, N'Швейная машина', N'Эксперт')
GO
INSERT [dbo].[EmployeeSkills] ([EmployeeSkillID], [EmployeeID], [EquipmentName], [SkillLevel]) VALUES (4, 2, N'Оверлок', N'Продвинутый')
GO
INSERT [dbo].[EmployeeSkills] ([EmployeeSkillID], [EmployeeID], [EquipmentName], [SkillLevel]) VALUES (5, 3, N'Сборочный конвейер', N'Средний')
GO
INSERT [dbo].[EmployeeSkills] ([EmployeeSkillID], [EmployeeID], [EquipmentName], [SkillLevel]) VALUES (6, 3, N'Станок для покраски', N'Продвинутый')
GO
INSERT [dbo].[EmployeeSkills] ([EmployeeSkillID], [EmployeeID], [EquipmentName], [SkillLevel]) VALUES (7, 4, N'Печь для обжига', N'Эксперт')
GO
INSERT [dbo].[EmployeeSkills] ([EmployeeSkillID], [EmployeeID], [EquipmentName], [SkillLevel]) VALUES (8, 4, N'Глазуровочный станок', N'Средний')
GO
INSERT [dbo].[EmployeeSkills] ([EmployeeSkillID], [EmployeeID], [EquipmentName], [SkillLevel]) VALUES (9, 5, N'Линия сборки игрушек', N'Продвинутый')
GO
INSERT [dbo].[EmployeeSkills] ([EmployeeSkillID], [EmployeeID], [EquipmentName], [SkillLevel]) VALUES (10, 5, N'Станок для набивки', N'Средний')
GO
INSERT [dbo].[AccessLogs] ([AccessLogID], [EmployeeID], [CardID], [AccessTime], [Location], [Direction]) VALUES (1, 2, N'CARD002', CAST(N'2023-11-15T08:05:00.000' AS DateTime), N'Главный вход', N'Вход')
GO
INSERT [dbo].[AccessLogs] ([AccessLogID], [EmployeeID], [CardID], [AccessTime], [Location], [Direction]) VALUES (3, 3, N'CARD003', CAST(N'2023-11-15T08:10:00.000' AS DateTime), N'Главный вход1', N'Вход')
GO
INSERT [dbo].[AccessLogs] ([AccessLogID], [EmployeeID], [CardID], [AccessTime], [Location], [Direction]) VALUES (4, 4, N'CARD004', CAST(N'2023-11-15T08:15:00.000' AS DateTime), N'Главный вход', N'Вход')
GO
INSERT [dbo].[AccessLogs] ([AccessLogID], [EmployeeID], [CardID], [AccessTime], [Location], [Direction]) VALUES (5, 5, N'CARD005', CAST(N'2023-11-15T08:20:00.000' AS DateTime), N'Главный вход', N'Вход')
GO
INSERT [dbo].[AccessLogs] ([AccessLogID], [EmployeeID], [CardID], [AccessTime], [Location], [Direction]) VALUES (6, 1, N'CARD001', CAST(N'2023-11-15T17:00:00.000' AS DateTime), N'Главный вход', N'Выход')
GO
INSERT [dbo].[AccessLogs] ([AccessLogID], [EmployeeID], [CardID], [AccessTime], [Location], [Direction]) VALUES (7, 2, N'CARD002', CAST(N'2023-11-15T17:05:00.000' AS DateTime), N'Главный вход', N'Выход')
GO
INSERT [dbo].[AccessLogs] ([AccessLogID], [EmployeeID], [CardID], [AccessTime], [Location], [Direction]) VALUES (8, 3, N'CARD003', CAST(N'2023-11-15T17:10:00.000' AS DateTime), N'Главный вход', N'Выход')
GO
INSERT [dbo].[AccessLogs] ([AccessLogID], [EmployeeID], [CardID], [AccessTime], [Location], [Direction]) VALUES (9, 4, N'CARD004', CAST(N'2023-11-15T17:15:00.000' AS DateTime), N'Главный вход', N'Выход')
GO
INSERT [dbo].[AccessLogs] ([AccessLogID], [EmployeeID], [CardID], [AccessTime], [Location], [Direction]) VALUES (10, 5, N'CARD005', CAST(N'2023-11-15T17:20:00.000' AS DateTime), N'Главный вход', N'Выход')
GO
INSERT [dbo].[SupplyHistory] ([SupplyHistoryID], [SupplierID], [MaterialID], [SupplyDate], [Quantity], [SupplyCost]) VALUES (1, 1, 1, CAST(N'2023-05-11T09:00:00.000' AS DateTime), 10, CAST(15000.00 AS Decimal(15, 2)))
GO
INSERT [dbo].[SupplyHistory] ([SupplyHistoryID], [SupplierID], [MaterialID], [SupplyDate], [Quantity], [SupplyCost]) VALUES (2, 5, 2, CAST(N'2023-06-11T10:00:00.000' AS DateTime), 50, CAST(25000.00 AS Decimal(15, 2)))
GO
INSERT [dbo].[SupplyHistory] ([SupplyHistoryID], [SupplierID], [MaterialID], [SupplyDate], [Quantity], [SupplyCost]) VALUES (3, 9, 3, CAST(N'2023-07-11T11:00:00.000' AS DateTime), 20, CAST(16000.00 AS Decimal(15, 2)))
GO
INSERT [dbo].[SupplyHistory] ([SupplyHistoryID], [SupplierID], [MaterialID], [SupplyDate], [Quantity], [SupplyCost]) VALUES (4, 7, 4, CAST(N'2023-08-11T12:00:00.000' AS DateTime), 100, CAST(100000.00 AS Decimal(15, 2)))
GO
INSERT [dbo].[SupplyHistory] ([SupplyHistoryID], [SupplierID], [MaterialID], [SupplyDate], [Quantity], [SupplyCost]) VALUES (5, 4, 5, CAST(N'2023-09-11T13:00:00.000' AS DateTime), 5, CAST(1500.00 AS Decimal(15, 2)))
GO
INSERT [dbo].[SupplyHistory] ([SupplyHistoryID], [SupplierID], [MaterialID], [SupplyDate], [Quantity], [SupplyCost]) VALUES (6, 2, 6, CAST(N'2023-10-11T14:00:00.000' AS DateTime), 1000, CAST(50000.00 AS Decimal(15, 2)))
GO
INSERT [dbo].[SupplyHistory] ([SupplyHistoryID], [SupplierID], [MaterialID], [SupplyDate], [Quantity], [SupplyCost]) VALUES (7, 3, 7, CAST(N'2023-11-11T15:00:00.000' AS DateTime), 10, CAST(1000.00 AS Decimal(15, 2)))
GO
INSERT [dbo].[SupplyHistory] ([SupplyHistoryID], [SupplierID], [MaterialID], [SupplyDate], [Quantity], [SupplyCost]) VALUES (8, 10, 8, CAST(N'2023-12-11T16:00:00.000' AS DateTime), 1, CAST(400.00 AS Decimal(15, 2)))
GO
INSERT [dbo].[MaterialStockHistory] ([StockHistoryID], [MaterialID], [ChangeDate], [QuantityChange], [NewQuantity], [Reason]) VALUES (1, 1, CAST(N'2023-05-11T09:00:00.000' AS DateTime), 10, 40, N'Поставка')
GO
INSERT [dbo].[MaterialStockHistory] ([StockHistoryID], [MaterialID], [ChangeDate], [QuantityChange], [NewQuantity], [Reason]) VALUES (2, 2, CAST(N'2023-06-11T10:00:00.000' AS DateTime), 50, 120, N'Поставка')
GO
INSERT [dbo].[MaterialStockHistory] ([StockHistoryID], [MaterialID], [ChangeDate], [QuantityChange], [NewQuantity], [Reason]) VALUES (3, 3, CAST(N'2023-07-11T11:00:00.000' AS DateTime), 20, 70, N'Поставка')
GO
INSERT [dbo].[MaterialStockHistory] ([StockHistoryID], [MaterialID], [ChangeDate], [QuantityChange], [NewQuantity], [Reason]) VALUES (4, 4, CAST(N'2023-08-11T12:00:00.000' AS DateTime), 100, 140, N'Поставка')
GO
INSERT [dbo].[MaterialStockHistory] ([StockHistoryID], [MaterialID], [ChangeDate], [QuantityChange], [NewQuantity], [Reason]) VALUES (5, 5, CAST(N'2023-09-11T13:00:00.000' AS DateTime), 5, 30, N'Поставка')
GO
INSERT [dbo].[MaterialStockHistory] ([StockHistoryID], [MaterialID], [ChangeDate], [QuantityChange], [NewQuantity], [Reason]) VALUES (6, 6, CAST(N'2023-10-11T14:00:00.000' AS DateTime), 1000, 2500, N'Поставка')
GO
INSERT [dbo].[MaterialStockHistory] ([StockHistoryID], [MaterialID], [ChangeDate], [QuantityChange], [NewQuantity], [Reason]) VALUES (7, 7, CAST(N'2023-11-11T15:00:00.000' AS DateTime), 10, 120, N'Поставка')
GO
INSERT [dbo].[MaterialStockHistory] ([StockHistoryID], [MaterialID], [ChangeDate], [QuantityChange], [NewQuantity], [Reason]) VALUES (8, 8, CAST(N'2023-12-11T13:00:00.000' AS DateTime), 5, 140, N'Поставка')
GO
INSERT [dbo].[WarehouseStock] ([WarehouseStockID], [WarehouseID], [MaterialID], [Quantity]) VALUES (1, 1, 1, 30)
GO
INSERT [dbo].[WarehouseStock] ([WarehouseStockID], [WarehouseID], [MaterialID], [Quantity]) VALUES (2, 1, 2, 70)
GO
INSERT [dbo].[WarehouseStock] ([WarehouseStockID], [WarehouseID], [MaterialID], [Quantity]) VALUES (3, 2, 3, 50)
GO
INSERT [dbo].[WarehouseStock] ([WarehouseStockID], [WarehouseID], [MaterialID], [Quantity]) VALUES (4, 2, 4, 40)
GO
INSERT [dbo].[WarehouseStock] ([WarehouseStockID], [WarehouseID], [MaterialID], [Quantity]) VALUES (5, 3, 5, 25)
GO
INSERT [dbo].[WarehouseStock] ([WarehouseStockID], [WarehouseID], [MaterialID], [Quantity]) VALUES (6, 3, 6, 1500)
GO
INSERT [dbo].[WarehouseStock] ([WarehouseStockID], [WarehouseID], [MaterialID], [Quantity]) VALUES (7, 4, 7, 100)
GO
INSERT [dbo].[WarehouseStock] ([WarehouseStockID], [WarehouseID], [MaterialID], [Quantity]) VALUES (8, 4, 8, 60)
GO
INSERT [dbo].[Users] ([ID], [Login], [Password], [Role]) VALUES (1, N'admin', N'admin', N'Admin')
GO
INSERT [dbo].[Users] ([ID], [Login], [Password], [Role]) VALUES (2, N'user', N'user', N'User')
GO
INSERT [dbo].[Users] ([ID], [Login], [Password], [Role]) VALUES (3, N'1', N'1', N'Admin')
GO
INSERT [dbo].[Users] ([ID], [Login], [Password], [Role]) VALUES (4, N'2', N'2', N'User')
GO
