-- Partners+
INSERT INTO Partners (PartnerID, PartnerType, CompanyName, LegalAddress, INN, DirectorFullName, ContactPhone, ContactEmail, Rating, RubExchangeRate) VALUES
(1, 'Дистрибьютор', 'ООО Ромашка', 'Москва, ул. Ленина, 1', '123456789012', 'Иванов Иван Иванович', '+79161234567', 'ivanov@romashka.ru', 4, 1.00),
(2, 'Розница', 'ИП Петров', 'Санкт-Петербург, Невский пр., 2', '234567890123', 'Петров Петр Петрович', '+79212345678', 'petrov@mail.ru', 3, 1.00),
(3, 'Опт', 'ЗАО Солнышко', 'Екатеринбург, ул. Малышева, 3', '345678901234', 'Сидоров Сидор Сидорович', '+79053456789', 'sidorov@solnyshko.com', 5, 1.00),
(4, 'Интернет-магазин', 'ООО Онлайн-Торг', 'Казань, ул. Баумана, 4', '456789012345', 'Смирнов Алексей Юрьевич', '+79874567890', 'smirnov@online.ru', 2, 1.00),
(5, 'Дистрибьютор', 'ООО Лютик', 'Новосибирск, Красный проспект, 5', '567890123456', 'Кузнецов Сергей Александрович', '+79135678901', 'kuznetsov@lutik.ru', 4, 1.00),
(6, 'Розница', 'ИП Васильев', 'Ростов-на-Дону, ул. Большая Садовая, 6', '678901234567', 'Васильев Василий Васильевич', '+79286789012', 'vasiliev@yandex.ru', 3, 1.00),
(7, 'Опт', 'ЗАО Рассвет', 'Самара, ул. Ленинградская, 7', '789012345678', 'Федоров Федор Федорович', '+79067890123', 'fedorov@rassvet.ru', 5, 1.00),
(8, 'Интернет-магазин', 'ООО СуперМаркет', 'Омск, ул. Ленина, 8', '890123456789', 'Михайлов Дмитрий Иванович', '+79888901234', 'mikhailov@supermarket.ru', 2, 1.00),
(9, 'Дистрибьютор', 'ООО Незабудка', 'Пермь, ул. Комсомольский проспект, 9', '901234567890', 'Николаев Николай Николаевич', '+79179012345', 'nikolaev@nezabudka.ru', 4, 1.00),
(10, 'Розница', 'ИП Андреев', 'Воронеж, ул. Плехановская, 10', '012345678901', 'Андреев Андрей Андреевич', '+79290123456', 'andreev@mail.ru', 3, 1.00);

-- Managers+
INSERT INTO Managers (ManagerID, FullName) VALUES
(1, 'Иванов Петр Сергеевич'),
(2, 'Петрова Анна Владимировна'),
(3, 'Сидоров Дмитрий Александрович'),
(4, 'Кузнецова Елена Михайловна'),
(5, 'Смирнов Игорь Андреевич'),
(6, 'Васильева Ольга Николаевна'),
(7, 'Федоров Андрей Юрьевич'),
(8, 'Михайлова Татьяна Викторовна'),
(9, 'Николаев Сергей Петрович'),
(10, 'Андреева Екатерина Дмитриевна');

-- Orders +
INSERT INTO Orders (OrderID, PartnerID, ManagerID, OrderDate, OrderStatus, PrepaymentAmount, PrepaymentDate, TotalAmount, DeliveryRequired, DeliveryAddress) VALUES
(1, 1, 1, '2023-11-15', 'Выполнен', 10000.00, '2023-11-11 12:00:00', 50000.00, 1, 'Москва, ул. Строителей, 12'),
(2, 2, 2, '2023-11-16', 'В обработке', 5000.00, '2023-12-11 14:00:00', 25000.00, 0, NULL),
(3, 3, 3, '2023-11-17', 'Отправлен', 7500.00, '2023-15-11 10:00:00', 37500.00, 1, 'Екатеринбург, ул. 8 марта, 22'),
(4, 4, 4, '2023-11-18', 'Выполнен', 12000.00, '2023-18-11 16:00:00', 60000.00, 0, NULL),
(5, 5, 5, '2023-11-19', 'В обработке', 6000.00, '2023-17-11 09:00:00', 30000.00, 1, 'Новосибирск, ул. Кирова, 33'),
(6, 6, 6, '2023-11-20', 'Отправлен', 9000.00, '2023-16-11 11:00:00', 45000.00, 0, NULL),
(7, 7, 7, '2023-11-21', 'Выполнен', 11000.00, '2023-15-11 13:00:00', 55000.00, 1, 'Самара, ул. Молодогвардейская, 44'),
(8, 8, 8, '2023-11-22', 'В обработке', 5500.00, '2023-12-11 15:00:00', 27500.00, 0, NULL),
(9, 9, 9, '2023-11-23', 'Отправлен', 8000.00, '2023-14-11 17:00:00', 40000.00, 1, 'Пермь, ул. Ленина, 55'),
(10, 10, 10, '2023-11-24', 'Выполнен', 13000.00, '2023-15-11 18:00:00', 65000.00, 0, NULL);

-- Products +
INSERT INTO Products (ProductID, Article, ProductType, ProductName, [Description], MinPriceForPartner, PackageLength, PackageWidth, PackageHeight, WeightWithoutPackage, WeightWithPackage, QualityCertificate, StandardNumber, ProductionTime, ProductionCost, WorkshopNumber, ProductionWorkers,Image) VALUES
(1, 'SM123', 'Электроника', 'Смартфон Альфа', 'Современный смартфон с множеством функций.', 500.00, 20.00, 10.00, 5.00, 0.20, 0.30, 'Сертификат №1', 'ГОСТ 1234', '00:30:00', 200.00, 1, 5,'https://sun9-22.userapi.com/impg/IsFWrVtM-Go-8eKO-tz-Pt9wXpg2fo9vYj20Zg/x9cvMs4dM68.jpg?size=1266x758&quality=95&sign=78a6f5b3c8d31e896a1f2b77aa729828&type=album'),
(2, 'TS456', 'Одежда', 'Футболка Базовая', 'Удобная футболка из хлопка.', 10.00, 30.00, 20.00, 2.00, 0.10, 0.15, 'Сертификат №2', 'ГОСТ 5678', '00:15:00', 5.00, 2, 3,'https://sun9-25.userapi.com/impg/LY1W2N01yvOGC0nQ7H2pDxXTXPNioLZDFwNS4w/lhHBRNfY5x8.jpg?size=800x800&quality=95&sign=2d3ac5987d5f9cccd16c99fcc4426fe7&type=album'),
(3, 'CR789', 'Мебель', 'Кресло Эргономичное', 'Эргономичное офисное кресло.', 150.00, 80.00, 60.00, 40.00, 10.00, 12.00, 'Сертификат №3', 'ГОСТ 9012', '01:00:00', 75.00, 3, 10,'https://sun9-6.userapi.com/impg/ksj63N0TsD3oH5l82CdxsVhOpzbjnISVKDhWew/NGsvtbRSoAQ.jpg?size=1000x1000&quality=95&sign=31a5d0673adeaf2a5deea8f543f88263&type=album'),
(4, 'PL012', 'Товары для дома', 'Тарелка Керамическая', 'Расписная керамическая тарелка.', 5.00, 25.00, 25.00, 3.00, 0.40, 0.50, 'Сертификат №4', 'ГОСТ 3456', '00:20:00', 2.50, 4, 2,'https://sun9-22.userapi.com/impg/Z4V7pO9J7LrBNtA5O-aLP5zTGhBbO3_86NUP7A/ILUAksFh9lM.jpg?size=1215x666&quality=95&sign=9969e761852fa1ea2452b8f433306be0&type=album'),
(5, 'TB345', 'Игрушки', 'Мишка Плюшевый', 'Мягкий плюшевый мишка.', 15.00, 35.00, 25.00, 15.00, 0.30, 0.40, 'Сертификат №5', 'ГОСТ 7890', '00:25:00', 7.50, 5, 4,'https://sun9-74.userapi.com/impg/SNqDFq483JdHptFanydNfdcbEqmUdnKqtfRyMA/bMQYASw3Afk.jpg?size=800x800&quality=95&sign=055ee3fb4e69b03d20d1ad77b67bded1&type=album'),
(6, 'NV678', 'Книги', 'Роман Классический', 'Классический роман известного автора.', 8.00, 22.00, 15.00, 4.00, 0.25, 0.35, 'Сертификат №6', 'ГОСТ 1122', '00:10:00', 4.00, 1, 1,'https://sun1-15.userapi.com/impg/auRUMrmiVQmtcZGROryawI4mJbfSfz-kL61vxQ/-t8jTqeErz4.jpg?size=932x700&quality=95&sign=8c8e1796aee25953ec44caf5fbc04853&type=album'),
(7, 'CB901', 'Продукты', 'Шоколад Молочный', 'Вкусный молочный шоколад.', 2.00, 15.00, 8.00, 2.00, 0.05, 0.08, 'Сертификат №7', 'ГОСТ 4455', '00:05:00', 1.00, 2, 1,'https://sun9-38.userapi.com/impg/HfoAmwKVa5Ra2rO7dXCiKmjx3JJnPmda2Ppzqg/02rr7x2iaWE.jpg?size=780x634&quality=95&sign=175445976a64a3be4f90f718106c1416&type=album'),
(8, 'HM234', 'Инструменты', 'Молоток Слесарный', 'Тяжелый молоток для строительных работ.', 20.00, 40.00, 18.00, 6.00, 0.80, 0.90, 'Сертификат №8', 'ГОСТ 6677', '00:40:00', 10.00, 3, 6,'https://sun9-45.userapi.com/impg/7pTw2B6W-bJs78zzuyQ3R1AxQaZOeiO6svuuIg/JYyfUg9IaGY.jpg?size=1200x800&quality=95&sign=770461536c4843c72a4f9384dc13a5a5&type=album'),
(9, 'BB567', 'Спорттовары', 'Мяч Баскетбольный', 'Баскетбольный мяч стандартного размера.', 12.00, 24.00, 24.00, 24.00, 0.60, 0.70, 'Сертификат №9', 'ГОСТ 8899', '00:12:00', 6.00, 4, 2,'https://sun9-65.userapi.com/impg/3QJ2CcHKrhco7nQ3TveaIquUaM19T9eS0khELA/g_rv7jY4G8E.jpg?size=693x625&quality=95&sign=7d6f2fbcad978a3853a94583b124921c&type=album'),
(10, 'LR890', 'Косметика', 'Помада Красная', 'Классическая красная помада.', 7.00, 12.00, 2.00, 2.00, 0.03, 0.05, 'Сертификат №10', 'ГОСТ 2233', '00:08:00', 3.50, 5, 1,'https://sun9-32.userapi.com/impg/GKFfqiX_VYQZw8ZlAtELG3h1msXSz5NIDg839Q/BcSX79BKn8w.jpg?size=360x460&quality=95&sign=11675e41e2b29e0a7a8823e0bcbc61fa&type=album');

-- OrderItems + 
INSERT INTO OrderItems (OrderItemID, OrderID, ProductID, Quantity, PricePerUnit, ProductionDate) VALUES
(1, 1, 1, 2, 600.00, '2023-11-12'),
(2, 1, 2, 10, 12.00, '2023-11-13'),
(3, 2, 3, 1, 170.00, '2023-11-14'),
(4, 2, 4, 5, 7.00, '2023-11-15'),
(5, 3, 5, 3, 17.00, '2023-11-16'),
(6, 3, 6, 7, 9.00, '2023-11-17'),
(7, 4, 7, 15, 3.00, '2023-11-18'),
(8, 4, 8, 2, 22.00, '2023-11-19'),
(9, 5, 9, 4, 14.00, '2023-11-20'),
(10, 5, 10, 8, 8.00, '2023-11-21');

-- Employees +
INSERT INTO Employees (EmployeeID, FullName, BirthDate, PassportData, BankAccount, FamilyStatus, HealthInfo) VALUES
(1, 'Иванов Иван Иванович', '1990-05-15', '1234 567890, выдан ОВД', '12345678901234567890', 'Женат', 'Здоров'),
(2, 'Петрова Анна Сергеевна', '1992-08-22', '5678 901234, выдан УВД', '09876543210987654321', 'Не замужем', 'Здоров'),
(3,
'Сидоров Дмитрий Петрович', '1988-03-10', '9012 345678, выдан ГУВД', '56789012345678901234', 'Женат', 'Небольшая аллергия'),
(4, 'Кузнецова Елена Алексеевна', '1995-11-03', '3456 789012, выдан ОУФМС', '23456789012345678901', 'Не замужем', 'Здоров'),
(5, 'Смирнов Игорь Юрьевич', '1991-01-28', '7890 123456, выдан УФМС', '89012345678901234567', 'Разведен', 'Небольшая боль в спине'),
(6, 'Васильева Ольга Владимировна', '1993-06-05', '1234 098765, выдан ОВД', '34567890123456789012', 'Замужем', 'Здоров'),
(7, 'Федоров Андрей Николаевич', '1989-09-17', '5678 432109, выдан УВД', '90123456789012345678', 'Не женат', 'Здоров'),
(8, 'Михайлова Татьяна Игоревна', '1994-02-12', '9012 876543, выдан ГУВД', '45678901234567890123', 'Замужем', 'Небольшая астма'),
(9, 'Николаев Сергей Дмитриевич', '1987-07-01', '3456 210987, выдан ОУФМС', '01234567890123456789', 'Не женат', 'Здоров'),
(10, 'Андреева Екатерина Петровна', '1996-04-20', '7890 654321, выдан УФМС', '67890123456789012345', 'Разведена', 'Здоров');

-- EmployeeSkills +
INSERT INTO EmployeeSkills (EmployeeSkillID, EmployeeID, EquipmentName, SkillLevel) VALUES
(1, 1, 'Токарный станок', 'Продвинутый'),
(2, 1, 'Фрезерный станок', 'Средний'),
(3, 2, 'Швейная машина', 'Эксперт'),
(4, 2, 'Оверлок', 'Продвинутый'),
(5, 3, 'Сборочный конвейер', 'Средний'),
(6, 3, 'Станок для покраски', 'Продвинутый'),
(7, 4, 'Печь для обжига', 'Эксперт'),
(8, 4, 'Глазуровочный станок', 'Средний'),
(9, 5, 'Линия сборки игрушек', 'Продвинутый'),
(10, 5, 'Станок для набивки', 'Средний');

-- AccessLogs +
INSERT INTO AccessLogs (AccessLogID, EmployeeID, CardID, AccessTime, [Location], Direction) VALUES
(1, 1, 'CARD001', '2023-15-11 08:00:00', 'Главный вход', 'Вход'),
(2, 2, 'CARD002', '2023-15-11 08:05:00', 'Главный вход', 'Вход'),
(3, 3, 'CARD003', '2023-15-11 08:10:00', 'Главный вход', 'Вход'),
(4, 4, 'CARD004', '2023-15-11 08:15:00', 'Главный вход', 'Вход'),
(5, 5, 'CARD005', '2023-15-11 08:20:00', 'Главный вход', 'Вход'),
(6, 1, 'CARD001', '2023-15-11 17:00:00', 'Главный вход', 'Выход'),
(7, 2, 'CARD002', '2023-15-11 17:05:00', 'Главный вход', 'Выход'),
(8, 3, 'CARD003', '2023-15-11 17:10:00', 'Главный вход', 'Выход'),
(9, 4, 'CARD004', '2023-15-11 17:15:00', 'Главный вход', 'Выход'),
(10, 5, 'CARD005', '2023-15-11 17:20:00', 'Главный вход', 'Выход');

-- Suppliers + 
INSERT INTO Suppliers (SupplierID, SupplierType, SupplierName, INN) VALUES
(1, 'Сырье', 'ООО Поставщик Сырья', '111111111111'),
(2, 'Компоненты', 'ЗАО Комплектующие Изделия', '222222222222'),
(3, 'Упаковка', 'ИП Упаковка и Тара', '333333333333'),
(4, 'Химикаты', 'ООО ХимРеактив', '444444444444'),
(5, 'Текстиль', 'ЗАО Текстильная Фабрика', '555555555555'),
(6, 'Металлы', 'ООО МеталлТорг', '666666666666'),
(7, 'Пластики', 'ИП ПластДеталь', '777777777777'),
(8, 'Электроника', 'ООО Электронные Компоненты', '888888888888'),
(9, 'Дерево', 'ЗАО ЛесПром', '999999999999'),
(10, 'Пищевые Ингредиенты', 'ООО Пищевые Добавки', '000000000000');

-- Materials +
INSERT INTO Materials (MaterialID, MaterialType, MaterialName, SupplierID, QuantityPerPackage, UnitOfMeasure, [Description], Cost, QuantityInStock, MinimumQuantity) VALUES
(1, 'Металл', 'Лист Стальной', 1, 10, 'Лист', 'Холоднокатаный стальной лист', 1500.00, 50, 10),
(2, 'Ткань', 'Ткань Хлопчатобумажная', 5, 50, 'Метр', 'Белая хлопчатобумажная ткань', 500.00, 100, 20),
(3, 'Дерево', 'Доска Сосновая', 9, 20, 'Штука', 'Сушеная сосновая доска', 800.00, 75, 15),
(4, 'Пластик', 'Пластик АБС', 7, 100, 'Килограмм', 'Белые гранулы АБС пластика', 1000.00, 60, 12),
(5, 'Химикат', 'Краска Акриловая', 4, 5, 'Литр', 'Красная акриловая краска', 300.00, 40, 8),
(6, 'Электронный Компонент', 'Резистор', 2, 1000, 'Штука', 'Резистор 10 кОм', 50.00, 2000, 500),
(7, 'Упаковка', 'Коробка Картонная', 3, 10, 'Штука', 'Маленькая картонная коробка', 100.00, 150, 30),
(8, 'Пищевой Ингредиент', 'Какао Порошок', 10, 1, 'Килограмм', 'Высококачественный какао порошок', 400.00, 80, 16)


-- Warehouses +
INSERT INTO Warehouses (WarehouseID, WarehouseName, WarehouseAddress) VALUES
(1, 'Главный Склад', 'Москва, Складская ул., 1'),
(2, 'Второй Склад', 'Санкт-Петербург, Портовая ул., 2'),
(3, 'Производственный Склад', 'Екатеринбург, Заводская ул., 3'),
(4, 'Склад Готовой Продукции', 'Казань, Торговая ул., 4'),
(5, 'Склад Сырья', 'Новосибирск, Сырьевая ул., 5'),
(6, 'Склад Компонентов', 'Ростов-на-Дону, Комплектующая ул., 6'),
(7, 'Склад Упаковки', 'Самара, Упаковочная ул., 7'),
(8, 'Склад Химикатов', 'Омск, Химическая ул., 8'),
(9, 'Склад Текстиля', 'Пермь, Текстильная ул., 9'),
(10, 'Склад Металлов', 'Воронеж, Металлургическая ул., 10');

-- WarehouseStock +
INSERT INTO WarehouseStock (WarehouseStockID, WarehouseID, MaterialID, Quantity) VALUES
(1, 1, 1, 30),
(2, 1, 2, 70),
(3, 2, 3, 50),
(4, 2, 4, 40),
(5, 3, 5, 25),
(6, 3, 6, 1500),
(7, 4, 7, 100),
(8, 4, 8, 60)

-- PartnerSalesLocations +
INSERT INTO PartnerSalesLocations (SalesLocationID, PartnerID, LocationDescription) VALUES
(1, 1, 'Москва, ТЦ "Европейский"'),
(2, 2, 'Санкт-Петербург, Невский пр., 10'),
(3, 3, 'Екатеринбург, ТЦ "Гринвич"'),
(4, 4, 'Интернет-магазин www.example.com'),
(5, 5, 'Новосибирск, ТЦ "Мега"'),
(6, 6, 'Ростов-на-Дону, Центральный рынок'),
(7, 7, 'Самара, ТЦ "Аврора"'),
(8, 8, 'Интернет-магазин www.supermarket.ru'),
(9, 9, 'Пермь, ТЦ "Колизей"'),
(10, 10, 'Воронеж, Галерея Чижова');

-- SalesHistory +
INSERT INTO SalesHistory (SalesHistoryID, PartnerID, SaleDate, ProductID, Quantity, SaleAmount) VALUES
(1, 1, '2023-11-01', 1, 5, 3000.00),
(2, 2, '2023-11-02', 2, 20, 240.00),
(3, 3, '2023-11-03', 3, 2, 340.00),
(4, 4, '2023-11-04', 4, 10, 70.00),
(5, 5, '2023-11-05', 5, 4, 68.00),
(6, 6, '2023-11-06', 6, 15, 135.00),
(7, 7, '2023-11-07', 7, 30, 90.00),
(8, 8, '2023-11-08', 8, 3, 66.00),
(9, 9, '2023-11-09', 9, 8, 112.00),
(10, 10, '2023-11-10', 10, 16, 128.00);

-- PartnerRatingHistory +
INSERT INTO PartnerRatingHistory (RatingHistoryID, PartnerID, ManagerID, RatingChangeDate, OldRating, NewRating, Reason) VALUES
(1, 1, 1, '2023-11-11 10:00:00', 4.0, 4.5, 'Увеличение объема продаж'),
(2, 2, 2, '2023-11-11 11:00:00', 3.0, 2.5, 'Задержка оплаты'),
(3, 3, 3, '2023-11-11 12:00:00', 5.0, 5.0, 'Стабильно высокие показатели'),
(4, 4, 4, '2023-11-11 13:00:00', 2.0, 2.0, 'Без изменений'),
(5, 5, 5, '2023-11-11 14:00:00', 4.0, 4.2, 'Улучшение коммуникации'),
(6, 6, 6, '2023-11-11 15:00:00', 3.0, 2.8, 'Жалобы клиентов'),
(7, 7, 7, '2023-11-11 16:00:00', 5.0, 5.0, 'Продолжение отличной работы'),
(8, 8, 8, '2023-11-11 17:00:00', 2.0, 2.3, 'Небольшое увеличение продаж'),
(9, 9, 9, '2023-11-11 18:00:00', 4.0, 3.8, 'Незначительные проблемы с доставкой'),
(10, 10, 10, '2023-11-11 19:00:00', 3.0, 3.0, 'Стабильные показатели');

-- SupplyHistory +
INSERT INTO SupplyHistory (SupplyHistoryID, SupplierID, MaterialID, SupplyDate, Quantity, SupplyCost) VALUES
(1, 1, 1, '2023-11-05 09:00:00', 10, 15000.00),
(2, 5, 2, '2023-11-06 10:00:00', 50, 25000.00),
(3, 9, 3, '2023-11-07 11:00:00', 20, 16000.00),
(4, 7, 4, '2023-11-08 12:00:00', 100, 100000.00),
(5, 4, 5, '2023-11-09 13:00:00', 5, 1500.00),
(6, 2, 6, '2023-11-10 14:00:00', 1000, 50000.00),
(7, 3, 7, '2023-11-11 15:00:00', 10, 1000.00),
(8, 10, 8, '2023-11-12 16:00:00', 1, 400.00);

-- MaterialStockHistory +
INSERT INTO MaterialStockHistory (StockHistoryID, MaterialID, ChangeDate, QuantityChange, NewQuantity, Reason) VALUES
(1, 1, '2023-11-05 09:00:00', 10, 40, 'Поставка'),
(2, 2, '2023-11-06 10:00:00', 50, 120, 'Поставка'),
(3, 3, '2023-11-07 11:00:00', 20, 70, 'Поставка'),
(4, 4, '2023-11-08 12:00:00', 100, 140, 'Поставка'),
(5, 5, '2023-11-09 13:00:00', 5, 30, 'Поставка'),
(6, 6, '2023-11-10 14:00:00', 1000, 2500, 'Поставка'),
(7, 7, '2023-11-11 15:00:00', 10, 120, 'Поставка'),
(8, 8, '2023-11-12 13:00:00', 5, 140, 'Поставка');